url,username,password,totp,extra,name,grouping,fav
https://accounts.google.com/ServiceLogin?service=mail&passive=true&rm=false&continue=https://mail.google.com/mail/&ss=1&scc=1&ltmpl=default&ltmplcache=2&emr=1&osid=1#password,aslisabanci,ebXLkU8S,,,aslisabanci,,0
https://accounts.google.com/ServiceLogin?service=mail&passive=true&rm=false&continue=https://mail.google.com/mail/&ss=1&scc=1&ltmpl=default&ltmplcache=2&emr=1&osid=1#password,asli@giysicini.com,u7DB90x1,,,giysicini,,0
https://www.dropbox.com/,gosalyn@gmail.com,huSnP4Jn,,,Dropbox,,0
https://accounts.google.com/ServiceLogin?service=mail&passive=true&rm=false&continue=https://mail.google.com/mail/&ss=1&scc=1&ltmpl=default&ltmplcache=2&emr=1&osid=1#password,asli@cheers.works,cWw6tqjq,,,cheers.works,,0
https://accounts.google.com/ServiceLogin?service=mail&continue=https://mail.google.com/mail/#password,gosalyn,f88tJjJBJg@6,,,gosalyn,,0
https://github.com/login,,5uwrj7Su,,,Github,,0
https://accounts.google.com/ServiceLogin?service=mail&passive=true&rm=false&continue=https://mail.google.com/mail/&ss=1&scc=1&ltmpl=default&ltmplcache=2&emr=1&osid=1#password,asli@cheersworks.com,6zZ7C9ZD,,,cheersworks.com,,0
https://wordpress.com/wp-login.php?redirect_to=https%3A%2F%2Fwordpress.com%2F,tardisventures,ks*FGbX$av8Fu,,,Wordpress-tardisventures,,0
https://www.zoho.com/login.html,aslisabanci@gmail.com,t@V6-TMk ,,,Zoho-aslisabanci,,0
https://www.zoho.com/login.html,asli@tardis.ventures,<3Drtv!^,,,Zoho-asli@tardis.ventures,,0
https://www.evernote.com/Login.action?targetUrl=%2FHome.action,kirkiki,NXnjkx86,,,Evernote,,0
https://internetsubesi.finansbank.enpara.com/Login/LoginPage.aspx,349449,153305,,,Enpara,,0
https://idmsa.apple.com/IDMSWebAuth/login?&appIdKey=891bd3417a7776362562d2197f89480a8547b108fd934911bcbea0110d07f757&path=%2F%2Fmembercenter%2Findex.action,giysicini@gmail.com,Sisligunler7,,,Apple-giysicini,,0
https://parse.com/user_session,asli@tardis.ventures,Assli27754,,,Parse,,0
https://giris.turkiye.gov.tr/Giris/,30124084822,ycd1ycj2httoyl.,,,edevlet,,0
https://mailgun.com,,9CBwCjw3UomYRm,,,Mailgun,,0
https://www.zoho.com,,8YibdVMdW8ztME,,,Zoho-fitkutu,,0
https://www.mindmeister.com/signup/basic,ched dar ,Chdr5wr,,,Mindmeister,,0
https://www.linkedin.com/,aslisabanci@gmail.com,Assli27754,,,Linkedin,,0
https://mail.google.com/mail/u/0/?ui=2&ik=55fe0f9c52&view=cf&at=AF6bupO32kb1rn86ZX8QTe9zuHfylqeX7w,smtp.zoho.com,8YibdVMdW8ztME,,,merhaba@fitkutu,,0
https://panel.menloworks.com/user/auth/reset-password?reset_token=368&reset_key=C71Bqzl6Xcy6wbBr0oiL6vCiAHD4UCmIOzY9oUbQ85cjXizGjzC072lZPryHfgal,,01928374A,,,Menloworks,,0
https://www.namecheap.com/,tardisventures,(<J3v3]<,,,Namecheap-tardisventures,,0
https://wordpress.com,,mJJVgmg3GXjtU4,,,wordpress.com,,0
http://app://com.google.Chrome,,3qtarphKCZ8NBw,,,fittriptalking-gmail,,0
https://wordpress.com/wp-login.php?redirect_to=https%3A%2F%2Fwordpress.com%2F,handsongrowth,$*U3U2MRZQZZRm&vt,,Tags: wordpress,WordPress - handsongrowth,,0
https://iforgot.apple.com/password/verify/appleid#!&section=password,,Rzz2rXKCsokw2m,,,Apple-asli@tardis,,0
https://id.atlassian.com,,9vwpCepUUfZYx6,,,bitbucket - asli@tardis.ventures,,0
http://www.ashleykfit.com/wp-login.php,gosalyn@gmail.com,01928374,,,Ashleykfit,,0
http://clients.paleoreboot.com/user/change-password,,019283,,,Paleoreboot,,0
https://bitbucket.org/account/password/reset/confirm/MjAwNTgzNg/47m-362757af627a724aa0ef/,,jBewL2A6WXYFwu,,,Bitbucket-asli@tardis.ventures,,0
https://www.affilorama.com/account,Search,gUowsZz$DarN,,,Affilorama,,0
https://www.warez-bb.org/login.php?sid=1513c5283a881f0ed6de2ff8e6ec7843,gosalyn,ebe26982,,,Warez-BB.org,,0
https://www.bkmexpress.com.tr/BKMExpress/pub/password/reset.bkm,,Assli27754,,,BKM Express,,0
https://disqus.com/next/register/,Wellness Help,019283,,,Disqus,,0
https://login.yahoo.com,,mqAudP$>3T2b]V,,,Yahoo,,0
https://accounts.clickbank.com,,ohoV)>am96zPp?,,,ClickBank,,0
http://www.calorieking.com.au/community/forums/list.php?forum_id=10,,,,,CalorieKing.com.au,,0
http://panel.byethost.com/,b3_18626067,pepptC9Rxq2BzY,,,Byethost,,0
http://members.founderdating.com/user/changepw?hash=a320985b88fcc0bdcd27996b75b314c5,,Assli27754,,,FounderDating,,0
http://weightloss.byethost3.com,,VDWDN62qBbVHGA,,,Byethost3-wordpress,,0
https://angel.co,,3DLGZGABR8hHGA,,,AngelList,,0
https://www.tumblr.com,,KFWU7mxxaBtJk7,,,Tumblr-aslisabanci,,0
https://www.getresponse.com,,iPamgi24qNVxeD,,,GetResponse-gr1,,0
https://login.mailchimp.com,,"U4FreD8BAci,MH",,,MailChimp-jstellar,,0
https://www.ispionage.com/freeaccountv2.aspx?q=thefatburningkitchen.io&c=US,thefatburningkitchen.io,,,,Ispionage,,0
http://epage.com/js/post,cinali,019283,,,EPage,,0
https://www.udemy.com/user/email-password-change/?email=Imdvc2FseW5AZ21haWwuY29tIg:1bcWTa:2taGFuEULDlWshAIaA41Wv0i9Qk&data=NDU2NDA1MDQ:1bcWTa:dGA5Sg5zlltqu79jBbWG8OmjI5s&utm_campaign=email&utm_source=sendgrid.com&utm_medium=email,,019283,,,Udemy,,0
https://www.instagram.com/,fatburning_tips,019283,,,Instagram-fatburningtips,,0
https://app.later.com/account/new,gosalyn+fbt@gmail.com,019283,,,Later - fatburning_tips,,0
http://typito.com/login?signup=1,gosalyn@gmail.com,019283,,,Typito,,0
https://animoto.com/sign_in,gosalyn+a1@gmail.com,019283,,,Animoto,,0
https://accounts.stupeflix.com/register/?locale=en&redirect_uri=https%3A%2F%2Fstudio.stupeflix.com%2Fremoteauth%2Fregister%2F%3Fnext%3D%252Fvideos%252F%26method%3Dcomplete%26provider%3Dstupeflix&client_id=studio,cin,019283,,,Stupeflix,,0
https://accounts.google.com,,YxVXN$b6VER9vp,,,stellarjoy6,,0
https://prezi.com/profile/reset/89cc71e89c378832b0cb07fcb21f51f59ecf4417/,,019283,,,Prezi-gosalyn,,0
https://accounts.google.com/ServiceLogin?continue=https%3A%2F%2Fmail.google.com%2Fmail%2F&ltmpl=default&service=mail&sacu=1&scc=1&passive=1209600&ignoreShadow=0&acui=2#Email=stellarjoy6%40gmail.com,stellarjoy6@gmail.com,YxVXN$b6VER9vp,,,stellarjoy6,,0
https://login.aliexpress.com/buyer.htm?spm=2114.10010108.1000002.4.nMXkQb&return=https%3A%2F%2Fwww.aliexpress.com%2Fitem%2FStainless-Steel-Spoon-New-Arrival-Stainless-Steel-Tableware-Spoon-Stirring-Coffee-Spoon-Creative-Fine-1855199%2F32732883883.html%3Fspm%3D2114.01010108.3.83.XzhB0E%26ws_ab_test%3Dsearchweb201556_7%2Csearchweb201602_4_10057_10056_10065_10068_10055_10054_10069_10059_10058_10073_10017_10070_10060_10061_10052_10062_10053_10050_10051%2Csearchweb201603_3%26btsid%3D33baf87a-0189-48c4-b3ac-c703d15cd0e1&random=61D39D631693547F3DC23E2C66A333B4,gosalyn@gmail.com,019283,,,Aliexpress,,0
https://www.youtube.com,,Gg7WmxiB8srDD(,,,vidIQ,,0
http://weight-loss.fitness.com/lost-password/106862/confirm?c=SytDGMWFcMUfbGFX,,,,,weight-loss.fitness forum,,0
http://www.weightlossbuddy.com/register_step1.aspx,stellarj,019283,,,Weightlossbuddy,,0
https://www.facebook.com/login.php?skip_api_login=1&api_key=19884028963&signed_next=1&next=https%3A%2F%2Fwww.facebook.com%2Fv2.5%2Fdialog%2Foauth%3Fredirect_uri%3Dhttps%253A%252F%252Fvimeo.com%252F_facebook%252Fjoin%252F%26state%3D341147cce56f34caf50bc7bd1c2240ecb53bee82%26scope%3Dpublic_profile%252Cemail%252Cuser_location%252Cuser_about_me%26client_id%3D19884028963%26ret%3Dlogin%26logger_id%3Db910e3f4-4d81-4380-9295-06cdfddc83d8&cancel_url=https%3A%2F%2Fvimeo.com%2F_facebook%2Fjoin%2F%3Ferror%3Daccess_denied%26error_code%3D200%26error_description%3DPermissions%2Berror%26error_reason%3Duser_denied%26state%3D341147cce56f34caf50bc7bd1c2240ecb53bee82%23_%3D_&display=page&locale=en_GB&logger_id=b910e3f4-4d81-4380-9295-06cdfddc83d8,kahrolsunbagziseyler111@gmail.com,019283,,,Facebook,,0
https://secure.biz.nf/order.php?type=free&domain=fitnessnutrition&tld=co.nf,,,,,Biz.nf,,0
http://weightlosssuccess.co.nf/wp-login.php?redirect_to=http%3A%2F%2Fweightlosssuccess.co.nf%2Fwp-admin%2F&reauth=1,jstellar,bDVR84FhJcTkwW,,,weightlosssuccess.co.nf,,0
https://angel.co/jobs/signup,Joy Robin,PaWmv4WgvBB3yk,,,Angel.co-jobs,,0
http://www.idplr.com/members/signup,cin,019283,,,Idplr,,0
http://fitnessnutrition.co.nf/wp-login.php?redirect_to=http%3A%2F%2Ffitnessnutrition.co.nf%2Fwp-admin%2F&reauth=1,jstellar,GnoxtdP2TTQnB7,,,fitnessnutrition.co.nf,,0
https://online.adese.com.tr/YeniUyelik.aspx,,,,,Adese,,0
https://www.grammarly.com/social/signup/desktop?breadcrumbs=true&page=install&install=true,,019283,,,Grammarly,,0
https://accounts.shutterstock.com/users/new?next=%2Foauth%2Fauthorize%3Fclient_id%3D57781867467d5d5d61d6%26hl%3Den%26redirect_uri%3Dhttp%253A%252F%252Fwww.shutterstock.com%252Flogin.mhtml%253Frealm%253Dcustomer%2526landing_page%253D%25252Fpic-308600480%25252Fstock-photo-fat-thighs-cellulite-of-a-teenage-girl.html%25253Fsrc%25253DNR4GfkSdM_6UyQIbgpYO6Q-1-9%2526is_sso%253D0%2526attempt%253D1%26type%3Dweb_server%26scope%3Duser.view%26response_type%3Dcode%26state%3DMyB1TF5IdXxxjGygX1zzJeL8hmc%26view%3Dsignup%26site%3Dphoto,,,,,Shutterstock,,0
https://app.unionmetrics.com/login?return_to=https%3A%2F%2Fapp.unionmetrics.com%2Ftools%2Finstagram_account_checkup,gosalyn@gmail.com,019283,,,Union Metrics,,0
https://signup.live.com,,mv4VvfVtiffpn6,,,Microsoft,,0
https://modernthemes.net/download/,,,,,Modernthemes,,0
https://growthhackers.com/login,gosalyn@gmail.com,Assli27754,,,GrowthHackers-gosalyn,,0
https://www.instagram.com/accounts/login/?force_classic_login=&next=/oauth/authorize%3Fclient_id%3D0be8de7ce4924f69ae3f9b4c8c35acd6%26redirect_uri%3Dhttps%3A//app.later.com/users/auth/instagram/callback%26response_type%3Dcode%26scope%3Dbasic%2Bpublic_content%2Blikes%2Bcomments%26state%3D6eec773d43b5f85cf50c016f3a0e2aeff65c1b029800ca95,fittrip,lchflchf,,,Instagram-fittrip,,0
http://www.learn2rank.com/login/?msg=SUCCESS!%20Thank%20you%20for%20signing%20up.%20Please%20check%20your%20email%20for%20further%20details.,gosalyn@gmail.com,AL6YZ,,,Learn2Rank,,0
https://soundcloud.com/login/reset/54ed44dfa1ef57bb4700387b692a18b800d8d8ea,,019283,,,SoundCloud,,0
http://www.keywordtooldominator.com/account/signup?,cinali,019283,,,Keyword Tool Dominator,,0
http://www.keywordtooldominator.com/account/signup?,cinali,01928374,,,Keyword Tool Dominator,,0
https://account.shareasale.com,,PRwkvMW79szkVb,,,ShareASale,,0
https://v1.pannacooking.com/member/create-account,cin,019283,,,Pannacooking,,0
https://v1.pannacooking.com/member/create-account,cin,01928374,,,Pannacooking,,0
https://inbound.org,,LX6Ke2qgsmwoQq,,,Inbound.org,,0
https://secure.indeed.com,,B9L8ARTaFrHogZ,,,Indeed,,0
https://jobs.dyson.com/jobs/Register?utm_source=Indeed&utm_medium=organic&utm_campaign=Indeed&jobId=2928,Asli,01928374,,,Dyson,,0
https://jobs.dyson.com/jobs/Register?utm_source=Indeed&utm_medium=organic&utm_campaign=Indeed&jobId=2928,Asli,01928374a,,,Dyson,,0
https://www.cloudpeeps.com/sign_up/peep,Asli,01928374A.,,,CloudPeeps,,0
https://panel.preyproject.com/session,,Assli27754,,,Preyproject,,0
https://account.cyberghostvpn.com/en_us?affiliate=AID57543875772766779578967896542#/account,,,,,cyberghost,,0
http://indemandcareer.com/blueprint/,gosalyn@gmail.com,ZM&Px986!t21,,,Indemandcareer,,0
https://talent.hubstaff.com,,HCnmYrxehMRyQTeownP3bktg,,,Hubstaff,,0
https://www.cloudpeeps.com/sign_in,aslisabanci@gmail.com,01928374A.,,,CloudPeeps,,0
http://handsongrowth.co.nf/wp-login.php?redirect_to=http%3A%2F%2Fhandsongrowth.co.nf%2Fwp-admin%2F&reauth=1,handsongrowth,sLYJLodVatnCWZaCTpyQA8TQ,,,Hands On Growth,,0
https://gentsthemes.com/checkout/,,019283,,,GentsThemes.com,,0
https://modernthemes.net/wp-login.php?action=rp,dt%MEFYtojmp(78k,dt%MEFYtojmp(78k,,,Modern Themes,,0
https://accounts.google.com/AddSession?continue=https%3A%2F%2Fapps.google.com%2Fuser%2Fhub&sacu=1&ignoreShadow=0#password,,8fWhXMKVPZefFyzonTcHgWWj,,,asli@condriac,,0
https://id.getharvest.com,,LDsgwT8DyZXwNtLbWgJCwAJg,,,Harvest,,0
https://condriac.slack.com/invite/MTExNTgxODY2ODgyLTE0ODA2NDk3NTctZDNiYmZmMTc0Zg,,Assli27754,,,Slack-asli@condriac,,0
https://condriac.cake.hr/signin,asli@condriac.com,Fp2UzRMWDYjvzNuUoKUFvRAT,,,Cake,,0
https://www.facebook.com,,ZZdZgwzGYBbkqfr4PdntiNzC,,,Facebook,,0
http://app://ru.keepcoder.Telegram,,roKxjYvBoMkxNzQAvGKJ9mMX,,,Condriacdev,,0
https://passwordreset.microsoftonline.com,,pXuxdtEhuc3YwzKF,,,passwordreset.microsoftonline.com,,0
https://www.reddit.com/r/adops/,,,,,Reddit,,0
https://secure.sahibinden.com/giris,,r8uw20qj,,,sahibinden.com,,0
https://app.swydo.com,,BuCFz9rtszPXxCwG,,,Swydo,,0
http://www.oysho.com/tr/kuzgun-pel%C3%BC%C5%9Fl%C3%BC-footie/kuzgun-pel%C3%BC%C5%9Fl%C3%BC-footie-c0p100448360.html?typeCategory=0,,019283,,,Oysho,,0
https://raventools.com,,qh8rapbNBdnHxWNT,,,Raventools,,0
https://platform.adstage.io/users/sign_up?email=asli%40condriac.com&ref=reportpagesignup&hiddenDependentFields=,,iZPaoABryM6cRbeh,,,AdStage,,0
https://www.geckoboard.com,,GCWCpdgXqt7NxYBQ,,,Geckoboard,,0
https://fmovies.se/film/white-heat.vvy16,,,,,Fmovies,,0
https://www.sangotech.org,,adsTMDvLET8JUskh,,,SANGOTeCH,,0
https://www.sangotech.org/user/login,,Ortnec121,,,SANGOTeCH,,0
https://dashboard.omniinc.com,,8vNWNaFXJqNMdnng,,,Omniinc,,0
https://onlinegeniuses.slack.com/?redir=%2Fadmin%2Femoji,aslisabanci@gmail.com,019283,,,Slack-onlinegeniuses,,0
https://www.kamilkoc.com.tr/yolkart?returnUrl=%2fbiletsatinal%2fyolcubilgileri%2ftek-yon%2f,,,,,Kamilkoc,,0
https://hotpads.com/user/create-password?email=gosalyn%40gmail.com&verificationToken=0fe1d9a6091e37084b133c1ab7e15760227ec12cfc060876db6741d999310e1b513269ab55382dab060f98b141d1d4508416c004c1ec231bdef804783fc8dc4a&authenticator=emailSecret,,019283,,,HotPads,,0
https://jet.com,,BHFwNpQyJUUWqM8z,,,jet.com,,0
https://www.facebook.com/?stype=lo&jlou=AffeJeu-Z6M74Tbm4bFi31_vVQs1Zkf1T-cany66MPNb7jiNvUoB8RdnhR1JLyOt_HdD0M2Y_qjG0m91Kb9OTRuG_pqn1CmRsKMA7rwN05yeUQ&smuh=23995&lh=Ac9HvQzUBlRjmVD7,,jnKNq3CJzceiugEM,,,Facebook-usa,,0
https://www.linkedin.com/,rossmeyerza@gmail.com,$ZjzGEu9ydFNutC,,,LinkedIn-ross,,0
https://oam.wellsfargo.com,,CfzZPbCUejAj6sCq,,,Wells Fargo,,0
https://sccl.santaclaraca.gov/patroninfo,Asli Demiroz,25119005700272,,,Santaclaraca- lib,,0
https://measureschool.com/set-password/?email=aslisabanci%40gmail.com&firstname=Asli&optinpage=/free-membership/,,019283,,,Measureschool,,0
http://lornajane.co.za/wp-login.php?redirect_to=http%3A%2F%2Flornajane.co.za%2Fwp-admin%2F&reauth=1,admin,MNBljsa123!,,,Lorna Jane-WP,,0
https://app.intercom.io,,69jiangeHTD4,,,Intercom-condriac,,0
https://value.co.za/wp-login.php?redirect_to=https%3A%2F%2Fvalue.co.za%2Fwp-admin%2F&reauth=1,valueAdmin,icantfeelmyfacewhenimwithyou,,,Value-wp,,0
https://www.amazon.com/ap/signin?_encoding=UTF8&openid.assoc_handle=amazon_checkout_us&openid.claimed_id=http%3A%2F%2Fspecs.openid.net%2Fauth%2F2.0%2Fidentifier_select&openid.identity=http%3A%2F%2Fspecs.openid.net%2Fauth%2F2.0%2Fidentifier_select&openid.mode=checkid_setup&openid.ns=http%3A%2F%2Fspecs.openid.net%2Fauth%2F2.0&openid.ns.pape=http%3A%2F%2Fspecs.openid.net%2Fextensions%2Fpape%2F1.0&openid.pape.max_auth_age=0&openid.return_to=https%3A%2F%2Fwww.amazon.com%2Fgp%2Fbuy%2Fsignin%2Fhandlers%2Fcontinue.html%3Fie%3DUTF8%26cartItemIds%3D%26eGCApp%3D%26hasWorkingJavascript%3D0%26isEGCOrder%3D0%26isFresh%3D0%26oldCustomerId%3D%26oldPurchaseId%3D%26preInitiateCustomerId%3DA25NLTBYJVQAWS%26purchaseInProgress%3D%26siteDesign%3D&pageId=amazon_checkout_us&showRmrMe=1&siteState=isRegularCheckout.1%7CIMBMsgs.%7CisRedirect.0|zipcode.|shippingAddressID.nimnpvknnjp|addressIDInPopover.nimnpvknnjp|zipcode.|cartInitiateId.1497566179644,devrim.demiroz@gmail.com,123Devrim!,,,Amazon-devrim,,0
"https://rocketreach.co/signup?next=%2Fsearch%3Ftags%3D!((incexc:include,keyword:%2527https%253A%2F%2Fwww.linkedin.com%2Fin%2Fethan-yeh-b5967b%2527,type:keyword))%26start%3D1",Cin Ali,019283,,,RocketReach.co,,0
https://tatamotors.co.za/wp-login.php?redirect_to=https%3A%2F%2Ftatamotors.co.za%2Fwp-admin%2F&reauth=1,tatasaadmin,dkJ!W*R39SY(NZW$tQ!*1(rj,,,TATA Motors,,0
http://app://com.operasoftware.Opera,,u2gU2L7QvUEM,,,Google-condriac2,,0
https://www.kitapyurdu.com/index.php?route=account/register&is_register_from_order=1,,01928374,,,Kitapyurdu,,0
https://www.icloud.com/#keynote/0RlMSdQZWhGUSpcz-6-mKhwig,gosalyn@gmail.com,LGcolourdisplaY16,,,Apple-gosalyn,,0
https://exchange.gemini.com/signin,b.evrim@gmail.com,qz8Aqc2z,,,Gemini,,0
http://mauticlj.condriacdev.co.za/s/login,condriacasli,Z4uiITGPLY,,,CondriacLJ,,0
https://app.getflow.com/login,asli@condriac.com,01928374,,,Flow,,0
https://datastudio.google.com/u/0/reporting/0B6JE_Jfcy9QkQjd0RDdmQ2RrVnc/page/5FtG/edit,,rf18872012,,,condriacdev.co.za-mysql,,0
http://corelogistix.co.za/wp-login.php?redirect_to=http%3A%2F%2Fcorelogistix.co.za%2Fwp-admin%2F&reauth=1,admin,W3bm4st3r12#$,,,corelogistix.co.za,,0
https://www.coursera.org/learn/neural-networks-deep-learning?authMode=login,,,,,Coursera,,0
https://www.techsoup.org,,3nBKKrXVq86B,,,Techsoup,,0
https://secure.meetup.com/login/,gosalyn@gmail.com,019283,,,Meetup,,0
https://www.woorank.com/en/signup?plan=v3pro,Asli,001122,,,WooRank.com,,0
https://www.woorank.com/en/signup?plan=v3pro,Asli,112233,,,WooRank.com-asli+2,,0
https://www.tunnelbear.com/account#/reset,,019283,,,TunnelBear,,0
https://rppc.slack.com/join/shared_invite_confirmed/enQtMjU3Mzc5ODU0MzA5LWU1MzVhNjViYjE2MjQ0NzZhMTE1MTQ2MGRkZTdkYjliODI0Y2Y5ZTU4MjAyZDVhYzBlZmYwOGU2NDkxNjRmOTI,Asli Sabanci,01928374,,,Slack-r/ppc,,0
https://www.amazon.com/ap/signin,gosalyn@gmail.com,Assli27754,,,Amazon-gosalyn,,0
https://gifs.com/gif/rRROxB,,,,,Gifs,,0
https://insights.hotjar.com/jointeam?token=ad6a5fe9c87d43e186003670ec1481db&utm_source=referral&utm_medium=email&utm_campaign=teaminvite,Asli Sabanci,019283Aa.,,,Hotjar,,0
https://www.payfast.co.za/eng/process/payment?p=45gt65lo41dnloip1mm1lgmqa6#cc,,ZvL9oWT9A6vJ,,,Payfast,,0
http://utique.co.za/my-account/,,019283,,,utique,,0
https://www.womenwhocode.com/signup,aslisabanci@gmail.com,019283,,,Women Who Code,,0
https://account.nextdirect.com,,wFb49Xd=AZ2x,,,Next Direct-SA,,0
https://secure2.arcot.com,,iq$8M6pu2mxC,,,Arcot,,0
https://cleverlittlemonkey.co.za/my-account/,,,,,cleverlittlemonkey,,0
https://www.datacamp.com,,Jd2rgh{N3KZ6,,,DataCamp,,0
https://www.kaggle.com/,,A3Rzf%z2j2fE,,,Kaggle,,0
https://www.myperfectresume.com/rwz/build/login.aspx?docid=118076100,gosalyn@gmail.com,019283,,,My Perfect Resume,,0
https://www.gnc.com/on/demandware.store/Sites-GNC-Site/default/Account-RegistrationForm,Enter Keyword or Item No.,01928374,,,GNC,,0
https://www.gnc.com/on/demandware.store/Sites-GNC-Site/default/Account-RegistrationForm,Enter Keyword or Item No.,01928374a,,,GNC,,0
https://www.mygncrewards.com/Authorization/AuthorizationPublic/LogIn,gosalyn@gmail.com,vi2xNYDYi8+3,,,myGNC Rewards,,0
http://www.yucata.de/en/Register,kirkiki,019283,,,Yucata,,0
https://tabletopia.com/signup,gosalyn@gmail.com,019283,,,Tabletopia,,0
https://accounts.google.com/signin/v2/sl/pwd?continue=https%3A%2F%2Fdatastudio.google.com%2Fu%2F0%2F&flowName=GlifWebSignIn&flowEntry=AddSession&cid=1&navigationDirection=forward,accounts@condriac.com,u76y1aHfgt4t,,,accounts@condriac,,0
https://app.klipfolio.com/login,apps@condriac.com,Condriac100%,,,Klipfolio,,0
https://runestone.academy/runestone/default/user/register,gosalyn,019283,,,Runestone,,0
chrome://sync-login/?opener_context=toolbar_button,gosalyn@gmail.com,4LY>A8Nqrr8a,,,Opera,,0
https://vero.co,gosalyn@gmail.com,uwaGPUPwMvayRnkMBLthh6bJ,,"Notes: Saved with the Vero app
Vero Identiy:
	- firstname: asli
	- lastname: ",Vero,,0
https://app.reportgarden.com/users/sign_in,apps@condriac.com,Condriac100%,,,ReportGarden,,0
https://toggl.com/login,gosalyn@gmail.com,019283,,,Toggl,,0
https://www.gog.com/#,,q8uR)QV43VVZ,,,GOG.com,,0
https://www.vitaminler.com/register?returnUrl=/cart/?login=1,,7Nv-36p-96K-YP2,,,Vitaminler,,0
https://shop.flixbus.com,,y.QzY4dpc2k7,,,Flixbus-aslisabanci,,0
https://disqus.com,,LM34tAfJW#9x,,,Disqus-aslisabanci,,0
https://sso.immobilienscout24.de/sso/login?register=true&appName=is24main&source=meinkontodropdown-register&sso_return=https%3A%2F%2Fwww.immobilienscout24.de%2Fgeschlossenerbereich%2Fstart.html,gosalyn@gmail.com,davsannimcap,,,ImmobilienScout24,,0
https://secure.immowelt.de/autmvc/Confirmation/registration?op=6294c5dfd6f4431184aac967000ecb6b&mid=0&et=1&syscid=registrierung_em,gosalyn@gmail.com,davsannimcap,,,Immowelt,,0
https://console.clouderizer.com,,o48gB;mE7msg,,,Clouderizer,,0
https://www.wg-gesucht.de/mein-profil.html,Baris,davsannimcap,,,WG-Gesucht.de,,0
https://colab.research.google.com/drive/19XpMcqgTnbTq_IkceHvYQdKVWlqruNTC#scrollTo=YBJed8s7IKWE,,4/AAAZO1iDG_gjULqAas1yAyIJ4y3DLS6vUHmR_O2zeZvVZL-CQwiaZRA,,,Google,,0
https://www.lufthansa.com,,>4pxfZ6VsYb2,,,Lufthansa,,0
https://www.netflix.com/de-en/login,b.evrim@gmail.com,paylasma321,,,Netflix,,0
http://,80_20p,VT6k/uy86Hhg,,,steam,,0
https://alexanderthamm.jobbase.io,,"erCCk8RP9,6A",,,Jobbase-aslisabanci@gmail,,0
https://www.interviewmocha.com/Signup/Index?id=python-test-assessment,cin,019283,,,Interview Mocha,,0
https://leetcode.com,,8P3toxRUK8[Q,,,LeetCode,,0
https://tests4geeks.com/account/register,gosalyn,019283,,,Tests4Geeks,,0
http://fritz.box/,,musica2516,,,FRITZ!Box,,0
https://www.ebay-kleinanzeigen.de,,d%X7NLD2tCT3,,,Ebay-Kleinanzeigen,,0
https://www.paypal.com/agreements/approve?locale.x=en_GB&fundingSource=paypal&sessionID=ff5990cb3e_geydumryhiytq&buttonSessionID=6f5561602f_geydumryhiyts&env=production&logLevel=warn&uid=0af9b48e3b&version=4&ba_token=BA-95329101XE0107741&xcomponent=1,b.evrim+de@gmail.com,Yetmisbir8573!,,,Paypal,,0
https://www.zara.com,,9sa3eDByo{s2,,,ZARA,,0
https://app.plex.tv/auth/#!?clientID=p6mzs2g4vk75fi3bjb7qvqg1&context%5Bdevice%5D%5Bproduct%5D=Plex%20Web&context%5Bdevice%5D%5Bversion%5D=3.41.2&context%5Bdevice%5D%5Bplatform%5D=Chrome&context%5Bdevice%5D%5BplatformVersion%5D=67.0&context%5Bdevice%5D%5Bdevice%5D=OSX&context%5Bdevice%5D%5BscreenResolution%5D=1245x659%2C1280x800&context%5Bdevice%5D%5Blayout%5D=desktop&context%5Bdevice%5D%5Benvironment%5D=bundled&forwardUrl=http%3A%2F%2Fwave.seedhost.eu%3A31870%2Fweb%2Findex.html%23%3FpinID%3D1615399680&code=aa0efea4ghnsw9b9aah4p5yg9,hizipgrubu,cicimtopkek,,,Plex,,0
https://wave.seedhost.eu/hizipgrubu/deluge/,,cicimtopkek,,,Seedhost,,0
https://app.n26.com/register?utm_source=crm&utm_medium=systemmail&utm_campaign=invite_friends_personal&ch=referralPage&uc=8ed6624e184747bb98cc73123afe9a1b,Asli,Assli277546,,,N26,,0
https://www.koton.com/tr/login,,,,,Koton,,0
https://signin.aws.amazon.com/signin?redirect_uri=https%3A%2F%2Fus-west-1.console.aws.amazon.com%2Flambda%2Fhome%3Fregion%3Dus-west-1%26state%3DhashArgs%2523%252Ffunctions%252Fmakine-degil-yapay%253Ftab%253Dconfiguration%26isauthcode%3Dtrue&client_id=arn%3Aaws%3Aiam%3A%3A015428540659%3Auser%2Flambda&forceMobileApp=0&code_challenge=nTvz8fE9oezHxOsMpPBCm5mfLxBXvcF6NYQBV1x0ecg&code_challenge_method=SHA-256,aslisabanci@gmail.com,"VrX88=(F_i,R>8_",,,amazon.com,Shopping,0
https://twitter.com/?logout=1595712855034,degilYapay,Yedi18573,,,twitter.com,Social,0
https://algorithmia.bamboohr.com/login.php?r=%2Ffiles%2F,aslisabanci@gmail.com,Assli27754,,,bamboohr.com,,0
https://accounts.google.com,asabanci@algorithmia.io,KK7ii0rp9MJL,, ,asabanci@algorithmia,Email,0
https://slack.com,Aslı Sabancı,Assli27754,, ,sig mlops, ,0
https://premera.saas.secureauth.com/SecureAuth30/SecureAuth.aspx?client_id=28807071eede4540964e290435eae680&redirect_uri=https://member.premera.com/callback&response_type=id_token+token&scope=openid+phone+email&state=69b42ab13f27410fb490be8f80a61064&nonce=ebc75c3b6e6b46b5a7a0351b7c93fd06&response_mode=fragment,asabanci,Assli27754@,,,secureauth.com,,0
https://patient.doctorondemand.com/join/?iframe=y&partner=premera,03/29/1983,Assli27754@,,,doctorondemand.com,,0
https://member.teladoc.com/registrations/new?first_name=Asli&last_name=Sabanci+Demiroz&dob=03%2F29%2F1983&source_member_id=603184913&vendor=REGTYPE_RTEPREMERA&zip_code=,asabanci,Assli27754@,,,teladoc.com,,0
https://www.deltadentalwa.com/self-service/patient/registration-security-info,asabanci,Assli27754@,,,deltadentalwa.com,,0
https://www.amazon.com/ap/signin,,ypordilo,,,amazon.com,Shopping,0
http://news.ycombinator.com,kirkiki,••••••••••••,, ,hackernews,News/Reference,0
https://bytesized-hosting.com/users/sign_in?__cf_chl_jschl_tk__=3b792ced9dde4c05a7871bce1e9778ab41606fec-1598847269-0-AZVTFNSvkmhHrnu2ciZvKsJQPQmEq6kmjuBp_KdLfUGI3BU-X_ytEg33nPHMqUWOA8W4Ai8GUN5wzy2bxsW7G5pq_b9TEOvkEAgEp2w0fOBGt8pONvbDYER28ULJsqQI3GLl__xbzA8Yqq_s3mCoCisdf5CWYTOIzuPVoRDyz5JXIY5wZEWGXjCY3T-LG2gN2okpQaMnjXWuZwztAyJW1U4Mo9TuJ1JDXDBAvkwQ9Aw4_zcoxHqh1ZrDrIvnzMn8ZfuteNvIFxfKIiC8cjVOo-kPv-uUl45EMu4GEjCo1EyZbYAADEtOsrzBp83SSjEtt5NXkqYSgSnhULkVkW2v8pF7u7j6WAFHPKX78vr8_MHx,onurbabacan@gmail.com,cicimtopkek,,,bytesized-hosting.com,,0
https://auth-client.p.sling.com/?resumePath=%2Fas%2FXl091%2Fresume%2Fas%2Fauthorization.ping&allowInteraction=true&reauth=false&connectionId=ott_agentless_idp_client&REF=46A78E1192D25196192C701FFDAC2373B49ED179EFA4969BD6225CA225CF&response_type=code&client_id=ott_agentless_idp_client&redirect_uri=https%3A%2F%2Fwww.sling.com%2Fauthentication_callback,gosalyn@gmail.com,998877,,,sling.com,Entertainment,0
http://residentportal.icac.irvinecompany.com,aslidemiroz,Yedi18573,, ,riverview, ,0
http://help.steampowered.com,80_20p,"@8bSJ!,fj@fK#9C",,,steam,Games,0
https://discord.com/reset#token=eyJpZCI6NzE2NTM4NDc0MDk4MDY1NDI4LCJlbWFpbCI6Imdvc2FseW5AZ21haWwuY29tIn0.X54_pA.v-XK5EVMSGsZy_aC-7vnUhkQAh0,,71857371,,,discord.com,,0
http://account.live.com,gosalyn@gmail.com,rnMwqbl7413N,,,live.com,Email,0
http://komikseyler.com.tr,gosalyn@gmail.com,ygp16Mvm2T9R,,,komikseyler.com.tr,,0
https://www.instagram.com/,armyakba,019283,,,instagram.com,Social,0
https://kickdrum.atalanta.bysh.me/radarr/login?returnUrl=/radarr/,kickdrum,cicimtopkek,,,bysh.me,,0
https://www.artisthediyelik.com/uye-ol,gosalyn@gmail.com,01928374A,,,artisthediyelik.com,,0
https://www.creditkarma.com/auth/logon,aslisabanci@gmail.com,••••••••••••,, ,creditkarma.com,Finance,0
https://www.mtv.com/live-tv/xzq4o4,b.evrim+mtv@gmail.com,Yedi18573v,,,mtv.com,,0
https://github.com/session,aslisabanci@gmail.com,Assli27754,,,github.com,(Accepted Share Offers),0
http://myaccount.google.com,asabanci@algorithmia.io,KK7ii0rp9MJL,,,google.com,(Accepted Share Offers),0
http://www.expensify.com,asabanci@algorithmia.io,N9S27FknwyWi,,,expensify.com,(Accepted Share Offers),0
http://netsecure.adp.com,aslisabanci,!Rm79681IX3n,,,adp.com,(Accepted Share Offers),0
http://app2.greenhouse.io,Sabanci,wFrckS713VAU,,,greenhouse.io,(Accepted Share Offers),0
http://id.atlassian.com,asabanci@algorithmia.io,6FhVeOqdV9pe,,,atlassian.com,(Accepted Share Offers),0
https://www.employeenavigator.com/Benefits/Account/Register?token=a25e5b9b-ff5d-4f4b-b7b5-0e4d8084cc57,asabanci@algorithmia.io,CA9WmBt3%5ms,,,employeenavigator.com,(Accepted Share Offers),0
http://premera.saas.secureauth.com,asabanci@algorithmia.io,9t@6dw899O6i,,,secureauth.com,(Accepted Share Offers),0
https://algorithmia.bamboohr.com/login.php?r=%2Finbox%2Fonboarding%2F%3Fassigned%3Dme,aslisabanci@gmail.com,$8JOPe0M%N1n,,,bamboohr.com,(Accepted Share Offers),0
http://algorithmia.bamboohr.com,asli_sabanci,$8JOPe0M%N1n,,,bamboohr.com,(Accepted Share Offers),0
https://www.linkedin.com/login?fromSignIn=true&trk=guest_homepage-basic_nav-header-signin,aslisabanci@gmail.com,Assli27754,,,linkedin.com,(Accepted Share Offers),0
https://reddit-ml.slack.com/,aslisabanci@gmail.com,Assli27754,,,slack.com,(Accepted Share Offers),0
https://cdn.plaid.com/link/v2/stable/link.html?countryCodes=US&env=production&isLinkInitialize=true&key=27a1ac11a3869c4fa485b7a762db0b&origin=https%3A%2F%2Fsecure.expensify.com&product=auth&uniqueId=1&version=2.0.640,sabancia,Yedi18573,,,expensify.com,(Accepted Share Offers),0
http://xn--gpg key pass-,aslisabanci,u60vwNhU5lN3,,gpg key protect password for devtools,gpg key pass,(Accepted Share Offers),0
https://www.kaggle.com/account/login?phase=emailSignIn&returnUrl=%2F,aslisabanci,A3Rzf%z2j2fE,,,kaggle.com,(Accepted Share Offers),0
https://id.docker.com/login/?next=%2Fid%2Foauth%2Fauthorize%2F%3Fclient_id%3D43f17c5f-9ba4-4f13-853d-9d0074e349a7%26next%3D%252F%253Fref%253Dlogin%26nonce%3DeyJhbGciOiJIUzI1NiIsInR5cCI6IkpXVCJ9.eyJhdWQiOiI0M2YxN2M1Zi05YmE0LTRmMTMtODUzZC05ZDAwNzRlMzQ5YTciLCJleHAiOjE1OTYxNzQ1MTAsImlhdCI6MTU5NjE3NDIxMCwicmZwIjoiU3piLXpRWk9obUlnV201ZUpPOTVFUT09IiwidGFyZ2V0X2xpbmtfdXJpIjoiLz9yZWY9bG9naW4ifQ.4QYp0EqkmEEi0HuVespSlAp6tKuPkNgDSGYUeHx4Y0I%26redirect_uri%3Dhttps%253A%252F%252Fhub.docker.com%252Fsso%252Fcallback%26response_type%3Dcode%26scope%3Dopenid%26state%3DeyJhbGciOiJIUzI1NiIsInR5cCI6IkpXVCJ9.eyJhdWQiOiI0M2YxN2M1Zi05YmE0LTRmMTMtODUzZC05ZDAwNzRlMzQ5YTciLCJleHAiOjE1OTYxNzQ1MTAsImlhdCI6MTU5NjE3NDIxMCwicmZwIjoiU3piLXpRWk9obUlnV201ZUpPOTVFUT09IiwidGFyZ2V0X2xpbmtfdXJpIjoiLz9yZWY9bG9naW4ifQ.4QYp0EqkmEEi0HuVespSlAp6tKuPkNgDSGYUeHx4Y0I,asabanci,gJwpm2kS*y7K,,,docker.com,(Accepted Share Offers),0
https://www.yourplanaccess.net/nwps/default.aspx,367935784,5784,,,yourplanaccess.net,(Accepted Share Offers),0
https://www.yourplanaccess.net/nwps/default.aspx,aslisabanci,Assli27754,,,yourplanaccess.net,(Accepted Share Offers),0
https://secure.soundcloud.com/web-auth?client_id=wNHGoG6RrCXPaRsA49blO9sZxs98xaQ6&device_id=346745-466249-749098-887436,,019283,,,soundcloud.com,(Accepted Share Offers),0
https://twitter.com/login/error?username_or_email=asli_sabanci&redirect_after_login=%2Fasli_sabanci,asli_sabanci,Assli27754,,,twitter.com,(Accepted Share Offers),0
https://twitter.com/account/add,degilYapay,Yedi18573,,,twitter.com,(Accepted Share Offers),0
http://app.naviabenefits.com,aslisabanci,Kl@nUx7$54hH,,,naviabenefits.com,(Accepted Share Offers),0
https://algorithmia.zendesk.com/auth/v2/login/normal?return_to=https%3A%2F%2Fsupport.algorithmia.com%2F&theme=hc&locale=1&brand_id=360001067612&auth_origin=360001067612%2Ctrue%2Ctrue,jneely@algorithmia.io,F00tB@ll!,,,algorithmia.com,(Accepted Share Offers),0
http://algorithmia.com,asabanci@algorithmia.io,o4a%ZH&W*Z4%,,,algorithmia.com-marketplace,(Accepted Share Offers),0
https://algorithmia.com/blog/wp-login.php,asabanci,jF6lr@TOajBEgHnI,,,wordpress,(Accepted Share Offers),0
https://algorithmia.com/blog/wp-login.php,asabanci,jF6lr@TOajBEgHnI,,,wp,(Accepted Share Offers),0
https://twimlai.slack.com/?is_ssb_browser_signin=1&s=1&v=4.0.3,asli.sabanci@gmail.com,Assli27754,,,slack.com,(Accepted Share Offers),0
http://test.algorithmia.com,asli_test,aF30$3&a$Iix,,,algorithmia.com,(Accepted Share Offers),0
https://asli-dep-bug--algorithmia-teams.netlify.app/signin,asabanci+test@algorithmia.io,aF30$3&a$Iix,,,netlify.app,(Accepted Share Offers),0
https://app.plex.tv/auth-form/#!?enableSignInWithApple=1&skipLanding=1&signUp=0&forwardUrl=https%3A%2F%2Fwww.plex.tv%2F%3FsignUp%3D0&externalFederatedAuthCompleteUrl=https%3A%2F%2Fwww.plex.tv%2F%3FsignUp%3D0&clientID=6616a39e-d075-d6b8-b692-2cc01e4bf6e3&context%5Bdevice%5D%5Bproduct%5D=Plex%20SSO&redirect_uri=&provider=&state=&id_token=&code=&externalFederatedAuthComplete=,hizipgrubu,cicimtopkek,,,plex.tv,(Accepted Share Offers),0
https://www.lucidchart.com/users/login,kam1lly,Cu1#FbLuK7,,,lucidchart.com,(Accepted Share Offers),0
https://secure.meetup.com/login/,gosalyn@gmail.com,019283,,,meetup.com,(Accepted Share Offers),0
https://www.treasurydirect.gov/RS/PW-Display.do?errorMessageKey=602,,TA!NK74CYL6F,,,treasurydirect.gov,(Accepted Share Offers),0
http://insights1.enthalpy.click,asli_insights,B7IPd&J2oB9i,,,enthalpy.click,(Accepted Share Offers),0
https://app.datadoghq.com/account/login,koverholt@algorithmia.io,B9!.4!fddNvvnFzA,,,datadoghq.com,(Accepted Share Offers),0
https://myhealthonline.sccgov.org/mychartprd/accesscheck.asp?InstAct=R8Tnl5gTSzEnu2UhyTuBKniH7q%2FE8jjvnr16U7cB0kE%3D,aslidemiroz,Assli27754,,,sccgov.org,(Accepted Share Offers),0
http://app.carta.com,asabanci@algorithmia.io,82Hgom#G4W&Z,,,carta.com,(Accepted Share Offers),0
https://prowritingaid.com/en/Appclick/Extension/Account/Register2?postChrome=true,gosalyn@gmail.com,01928374.A,,,prowritingaid.com,(Accepted Share Offers),0
http://app.datadoghq.com,asabanci@algorithmia.io,N0DGtWVh170A,,,datadoghq.com,(Accepted Share Offers),0
http://hwa15257.us-east-1.snowflakecomputing.com,zeryxfarmers,5Q2wH0Iz^HM2,,,snowflakecomputing.com,(Accepted Share Offers),0
https://fgi.run/signin?redirect=%2F,algorithmia_admin,Fw6sDhm5Io2h8n9Oa9A!,,,fgi.run,(Accepted Share Offers),0
http://xn--app store-,asabanci@algorithmia.io,Ylx5!#5Ly8W#,,,app store,(Accepted Share Offers),0
https://www.instagram.com/,armyakba,019283,,,instagram.com,(Accepted Share Offers),0
http://profile.oracle.com,asabanci@algorithmia.io,iDn$2rI0s70$,,,oracle.com,(Accepted Share Offers),0
http://therealreal.productionize.ai,asli_algorithmia_trr,TC8f0eAoN@*j,,,productionize.ai,(Accepted Share Offers),0
https://grafana.therealreal.productionize.ai/login,monitoring,cwmMc2wNoHlzhl+4e0q8tsyPHXNrWtIe,,,productionize.ai,(Accepted Share Offers),0
http://www.dmv.ca.gov,aslisabanci@gmail.com,a@b5YRha4awM,,,ca.gov,(Accepted Share Offers),0
https://www.creditkarma.com/auth/logon,aslisabanci@gmail.com,E!p85GavXyTP,,,creditkarma.com,(Accepted Share Offers),0
https://lockandalert.equifax.com/consumer-registration/#/account-creation,aslisabanci@gmail.com,vZ2I1!m@H!@8,,,equifax.com,(Accepted Share Offers),0
http://lockandalert.equifax.com,aslisabanci@gmail.com,vZ2I1!m@H!@8,,,equifax.com,(Accepted Share Offers),0
http://lockandalert.equifax.com,aslisabanci@gmail.com,sJZAC29vFuK,,,equifax.com,(Accepted Share Offers),0
http://lockandalert.equifax.com,aslisabanci@gmail.com,vZ2I1!m@H!@8,,,equifax.com,(Accepted Share Offers),0
http://lockandalert.equifax.com,aslisabanci@gmail.com,AjS7wHu8%1!%,,,equifax.com,(Accepted Share Offers),0
http://membership.trueidentity.com,aslisabanci,5BAdPT32G,,,trueidentity.com,(Accepted Share Offers),0
http://membership.trueidentity.com,aslisabanci,CPn!gL3*s07O,,,trueidentity.com,(Accepted Share Offers),0
https://app.datadoghq.com/account/login,koverholt+poc19@algorithmia.io,HOOL8loh7pood*red,,,datadoghq.com,(Accepted Share Offers),0
http://signup-processor.service.newrelic.com,asabanci@algorithmia.io,trDR4@7X&%kE,,,newrelic.com,(Accepted Share Offers),0
http://membership.tui.transunion.com,aslidemiroz,vDmU*^10FUNt,,,transunion.com,(Accepted Share Offers),0
http://account.bbc.com,gosalyn@gmail.com,k8CXbhr9^!vS,,,bbc.com,(Accepted Share Offers),0
https://residents.irvinecompanyapartments.com/Account/LogOn?ReturnUrl=%2F,aslidemiroz,Yedi18573,,,irvinecompanyapartments.com,(Accepted Share Offers),0
https://vault.bitwarden.com/#/?email=asabanci@algorithmia.io,asabanci@algorithmia.io,LGcolourdisplaY9,,,bitwarden.com,(Accepted Share Offers),0